{
  "string": [
    {
      "name": "entry_MainAbility",
      "value": "数字华容道"
    },
    {
      "name": "mainability_description",
      "value": "Java_Empty Ability"
    },
    {
      "name": "mainability_HelloWorld",
      "value": "Hello World"
    },
    {
      "name": "dynamicpage_description",
      "value": "Java_Empty Ability"
    },
    {
      "name": "dynamicpage_HelloWorld",
      "value": "Hello World"
    },
    {
      "name": "entry_DynamicPage",
      "value": "entry_DynamicPage"
    }
  ]
}