{
  "string": [
    {
      "name": "entry_desc",
      "value": "description"
    },
    {
      "name": "MainAbility_desc",
      "value": "description"
    },
    {
      "name": "MainAbility_label",
      "value": "轻松记账"
    },
    {
      "name": "edit_text",
      "value": "编辑"
    },
    {
      "name": "pay_text",
      "value": "支出"
    },
    {
      "name": "income_text",
      "value": "收入"
    },
    {
      "name": "count_text",
      "value": "金额"
    },
    {
      "name": "input_text",
      "value": "请输入金额"
    },
    {
      "name": "confirm_text",
      "value": "确定"
    }
  ]
}